date,Dummy1,Dummy2,Dummy3,boat,boatm,boatsd,house,housem,housesd
2000-01-01,0,0,0,76.29422516,76.29422516,15,0.707039781,0.707039781,0.15
2000-01-02,0,0,0,105.5705939,90.93240951,20.70151885,0.361347398,0.534193589,0.244441428
2000-01-03,0,0,0,80.49760695,87.45414199,15.82944965,0.342613245,0.470333475,0.205207574
2000-01-04,0,0,0,106.5751914,92.23440435,16.0764201,0.433436536,0.46110924,0.16856387
2000-01-05,0,0,0,84.23635516,90.63479451,14.37470767,0.517962285,0.472479849,0.148178229
2000-01-06,0,0,0,97.44422941,91.76970033,13.15423292,0.528941786,0.481890172,0.13452418
2000-01-07,0,0,0,139.2376318,98.5508334,21.58891451,0.458340432,0.478525923,0.123125369
2000-01-08,0,0,0,90.14543386,97.50015845,20.20716555,0.402886871,0.469071042,0.117086809
2000-01-09,0,0,0,77.36534051,95.26295646,20.05826518,0.516937828,0.474389574,0.110680788
2000-01-10,0,0,0,109.4450974,96.68117055,19.43562543,0.660366421,0.492987258,0.119782462
2000-01-11,0,0,0,114.5671065,98.30716473,19.21071603,0.574844002,0.500428781,0.116284965
2000-01-12,0,0,0,95.29616256,98.05624788,18.33731101,0.630680677,0.511283105,0.117075613
2000-01-13,0,0,0,107.5220693,98.78438799,17.75184511,0.266873419,0.49248236,0.130994498
2000-01-14,1,1,0,94.87306546,98.50500781,17.08742622,0.539986119,0.495875486,0.126494184
2000-01-15,0,0,0,78.46182681,97.16879574,17.25996383,0.428303684,0.491370699,0.123135139
2000-01-16,0,0,0,82.6169675,96.25930648,17.0669464,0.403349272,0.48586936,0.120978017
2000-01-17,0,0,0,101.0933958,96.54366468,16.56653951,0.732233492,0.500361368,0.131496242
2000-01-18,0,0,0,107.0231945,97.12586078,16.26060397,0.563802338,0.503885866,0.128443475
2000-01-19,0,0,0,102.9683111,97.43335817,15.85920832,0.653048701,0.511736541,0.129430347
2000-01-20,0,0,0,86.5101516,96.88719784,15.62826625,0.325785819,0.502439005,0.132662741
2000-01-21,0,0,0,108.5544242,97.44278005,15.44385554,0.546239136,0.504524726,0.129656421
2000-01-22,0,0,0,100.0404029,98.57355041,14.66780194,0.500196703,0.494675055,0.121075348
2000-01-23,0,0,0,99.99651124,98.30811791,14.58505216,0.479128405,0.500283675,0.117258186
2000-01-24,0,0,0,69.13889209,97.76722672,15.46279492,0.577472499,0.511467449,0.112574682
2000-01-25,0,0,0,97.48902704,97.33455223,15.33056806,0.190333187,0.499891099,0.131849407
2000-01-26,0,0,0,100.8120234,98.12386976,15.04654929,0.445821698,0.496455833,0.132294073
2000-01-27,0,0,0,92.26112179,97.87705511,15.10066811,0.497230324,0.494945763,0.132085542
2000-01-28,0,0,0,98.53257161,95.93871892,11.77165208,0.636417131,0.503425606,0.135295223
2000-01-29,0,0,0,89.8165756,95.923059,11.77996009,0.459248531,0.506109494,0.133751309
2000-01-30,0,0,0,105.2673113,97.25172428,11.1382291,0.37204603,0.499209885,0.136865685
2000-01-31,0,0,0,100.6325629,96.83207978,10.81724674,0.509452987,0.492023531,0.131850918
2000-02-01,0,0,0,117.1670959,96.9558888,11.04290801,0.512386506,0.489049365,0.130587701
2000-02-02,0,0,0,105.3456331,97.43443501,11.1842307,0.538934536,0.484680501,0.127100596
2000-02-03,0,0,0,117.8460982,97.92605544,11.85651815,0.655211706,0.5031728,0.121973548
2000-02-04,0,0,0,94.76573571,97.9209445,11.85792304,0.388015136,0.495936087,0.12416868
2000-02-05,1,0,0,113.3570544,99.582622,11.43205667,0.521505395,0.500374263,0.12329299
2000-02-06,0,0,0,91.4506899,100.0032754,10.9279855,0.877557847,0.522955624,0.145974066
2000-02-07,0,0,0,98.45085945,99.87744038,10.93001933,0.2809377,0.501465348,0.146840992
2000-02-08,0,0,0,107.849153,99.91677174,10.95846788,0.633916504,0.504804118,0.149108828
2000-02-09,0,0,0,122.4491105,100.8444289,12.00433934,0.602152125,0.502380472,0.146977153
2000-02-10,0,0,0,99.08029415,101.4430071,11.55897858,0.584272644,0.514689368,0.142194346
2000-02-11,0,0,0,83.36862338,100.2436832,12.0791243,0.476701307,0.511378043,0.142232571
2000-02-12,0,0,0,102.3576854,100.35403,12.0877559,0.240118449,0.498993364,0.154084043
2000-02-13,0,0,0,111.1029838,100.8829097,12.31221965,0.521896379,0.501029934,0.154090992
2000-02-14,0,0,0,108.1282891,102.7395476,10.01059122,0.254634151,0.48565668,0.161985341
2000-02-15,0,0,0,115.4906552,103.596768,10.30492637,0.561961154,0.50335325,0.147786143
2000-02-16,0,0,0,124.2360175,104.7121963,11.21589537,0.41896195,0.502074214,0.148423809
2000-02-17,0,0,0,122.7598425,106.1645163,11.49417365,0.532189223,0.503738923,0.148562747
2000-02-18,0,0,0,118.4491855,107.1129265,11.65353585,0.249434749,0.485311191,0.155137631
2000-02-19,0,0,0,68.4222088,106.0941471,13.95010698,0.458518565,0.485276431,0.155143844
2000-02-20,0,0,0,78.70437327,104.8292453,15.17897599,0.719114801,0.501803515,0.160859484
2000-02-21,0,0,0,97.31883879,104.6714489,15.24187884,0.598976112,0.506066521,0.162252556
2000-02-22,0,0,0,112.1110356,104.4306842,15.07362987,0.506063022,0.505765403,0.162246108
2000-02-23,0,0,0,106.0820094,104.4657497,15.07672091,0.52633508,0.505165429,0.162140579
2000-02-24,1,0,0,105.2058345,103.8638324,14.76491767,0.447568192,0.495277642,0.158830377
2000-02-25,0,0,0,104.1844274,104.3123415,14.617043,0.351173946,0.4935233,0.160271297
2000-02-26,0,0,0,89.08489625,103.1565245,14.82425885,0.520656119,0.493482858,0.16026399
2000-02-27,0,0,0,102.4633082,103.6809348,14.58226982,0.653219098,0.482800061,0.139516385
2000-02-28,0,0,0,103.7468033,103.9331226,14.53300887,0.62322391,0.499099404,0.134663996
2000-02-29,0,0,0,71.27867569,102.1916713,16.14227191,0.704206258,0.502446535,0.138986643
2000-03-01,0,0,0,102.5951116,101.2462428,15.46364645,0.587894562,0.501767603,0.138509245
2000-03-02,0,0,0,73.77065663,100.041022,16.58644029,0.353931898,0.490798996,0.140751202
2000-03-03,0,0,0,91.18129046,100.4130538,16.2785433,0.442174647,0.48915487,0.141125269
2000-03-04,0,0,0,106.8838922,100.6285874,16.33544313,0.532450138,0.503075426,0.129250291
2000-03-05,0,0,0,113.2727456,100.7319094,16.41169038,0.354497056,0.49510403,0.133135204
2000-03-06,0,0,0,81.35738724,99.45710456,16.84252003,0.466248064,0.505180883,0.121526572
2000-03-07,0,0,0,90.32715586,98.25884268,16.53713756,0.635781369,0.508696131,0.124287398
2000-03-08,0,0,0,83.04133782,96.29719127,15.72496044,0.062098149,0.491702617,0.157206919
2000-03-09,0,0,0,74.3329741,93.99114992,15.19205085,0.593499443,0.494622151,0.158559885
2000-03-10,0,0,0,90.8647638,92.67760603,14.12677178,0.476338152,0.505427075,0.148423467
2000-03-11,0,0,0,111.2338453,94.71625538,13.5278332,0.655680397,0.514815734,0.151511563
2000-03-12,0,0,0,89.4593805,95.22839859,13.08776468,0.693068,0.51357541,0.149853016
2000-03-13,0,0,0,95.25980183,95.13034921,13.07903063,0.301071541,0.499389478,0.15536362
2000-03-14,0,0,0,112.1208962,95.13081876,13.07967089,0.665017601,0.506958744,0.159521481
2000-03-15,0,0,0,133.2212982,96.42316584,15.35812241,0.347194831,0.498428256,0.163181337
2000-03-16,1,1,1,112.4467625,96.76797194,15.64378813,0.680621709,0.509526042,0.167419279
2000-03-17,0,0,0,114.9392743,97.2801075,16.06898662,0.4177774,0.512697635,0.164881092
2000-03-18,0,0,0,78.88448344,96.79437356,16.47806031,0.382504691,0.506118996,0.167286208
2000-03-19,0,0,0,87.68408218,96.09060089,16.5393301,0.333683764,0.490903028,0.16776873
2000-03-20,0,0,0,108.1857898,96.3019812,16.66992299,0.701258296,0.494618951,0.171665007
2000-03-21,0,0,0,92.67997212,97.32109056,15.68896032,0.260795845,0.473504169,0.171866428
2000-03-22,0,0,0,96.9180182,97.05075277,15.64238146,0.603783655,0.474260793,0.172429252
2000-03-23,0,0,0,96.94752257,98.15441306,14.70739669,0.437201738,0.478226023,0.170470098
2000-03-24,0,0,0,118.3522877,99.44827007,15.24848298,0.598624422,0.485676013,0.172225377
2000-03-25,0,0,0,111.5270871,99.66937459,15.39465391,0.525579439,0.485348836,0.172138582
2000-03-26,0,0,0,104.5558189,99.25428284,15.12467304,0.612621735,0.497640488,0.171542597
2000-03-27,0,0,0,96.82192729,99.99068951,14.57625463,0.344587894,0.491847146,0.174681431
2000-03-28,0,0,0,97.23572417,100.319669,14.4244188,0.358909859,0.478662789,0.1737206
2000-03-29,0,0,0,82.81521486,100.3089012,14.43803987,0.596767639,0.504123241,0.146694694
2000-03-30,0,0,0,100.3525966,101.5479308,13.15703983,0.558109652,0.502438012,0.145817257
2000-03-31,0,0,0,84.79616296,101.2589498,13.46642474,0.408224746,0.499194517,0.147178032
2000-04-01,0,0,0,87.37055558,100.1226027,13.58889966,0.509693116,0.492242742,0.142799682
2000-04-02,0,0,0,93.63723569,100.3215482,13.45490318,0.283547539,0.472741767,0.141963347
2000-04-03,0,0,0,107.4841629,100.9036606,13.48935545,0.520889906,0.483209308,0.136678172
2000-04-04,0,0,0,107.10187,100.6646594,13.32412489,0.421305201,0.471603956,0.130684343
2000-04-05,0,0,0,107.9827277,99.46282269,11.21145137,0.47048188,0.477474768,0.127547596
2000-04-06,1,0,0,109.0378032,99.3004913,11.03738423,0.418989472,0.46501609,0.119218296
2000-04-07,0,0,0,104.4341384,98.80024673,10.51904149,0.643217948,0.475751354,0.124772651
2000-04-08,0,0,0,111.9294713,100.3738176,9.840591845,0.622871344,0.487197385,0.126799526
2000-04-09,0,0,0,110.3220891,101.4518179,9.618419568,0.705642338,0.504909698,0.130216342
2000-04-10,0,0,0,77.40779134,99.98619894,10.81189141,0.255565059,0.483686211,0.132907247
2000-04-11,0,0,0,109.9228688,100.8072893,10.88379162,0.4257294,0.49154019,0.123626498
2000-04-12,0,0,0,113.6038882,101.6018545,11.19041309,0.436576312,0.483577935,0.121400433
2000-04-13,0,0,0,113.8644647,102.4074232,11.44462308,0.418225488,0.482674304,0.121832743
2000-04-14,0,0,0,84.27914927,100.7848928,11.48629369,0.606068922,0.483028804,0.122197281
2000-04-15,0,0,0,75.39063981,99.06410956,12.46192041,0.251057577,0.469956335,0.131729823
2000-04-16,0,0,0,109.3705557,99.29338274,12.61140214,0.668688288,0.47262617,0.135286032
2000-04-17,0,0,0,116.1647105,100.2144677,13.11805348,0.333293194,0.472088328,0.135841822
2000-04-18,0,0,0,67.48623828,98.79782547,14.93617463,0.605556836,0.483833422,0.136229145
2000-04-19,0,0,0,104.8680201,99.84795906,14.52589288,0.580424581,0.483055181,0.135596938
2000-04-20,0,0,0,109.0107876,100.2602539,14.66315846,0.503441663,0.480451943,0.13460511
2000-04-21,0,0,0,108.218701,101.3756128,14.31474512,0.460296019,0.482931528,0.133684534
2000-04-22,0,0,0,121.5768802,103.0044854,14.58504437,0.572409906,0.485918042,0.135006293
2000-04-23,0,0,0,78.67182943,102.291847,15.40801454,0.543231918,0.498283964,0.127211204
2000-04-24,0,0,0,89.75747615,101.4477191,15.59378876,0.247624325,0.485271318,0.138278184
2000-04-25,1,0,0,112.6703265,101.7128837,15.74138796,0.742398472,0.500561473,0.148244775
2000-04-26,0,0,0,114.381296,102.0175774,15.9296171,0.269773892,0.49100395,0.156519986
2000-04-27,0,0,0,95.43487393,101.3698189,15.90643112,0.712075463,0.504960426,0.162721573
2000-04-28,0,0,0,107.8060774,101.5303874,15.9558531,0.399919923,0.493374806,0.161038165
2000-04-29,0,0,0,117.1421534,101.7786104,16.16489615,0.448028866,0.485048973,0.158508202
2000-04-30,0,0,0,126.6470094,102.5559875,16.96884347,0.69291714,0.484443012,0.157644701
2000-05-01,0,0,0,88.42052675,103.0804035,16.31017657,0.274441211,0.485341876,0.156322696
2000-05-02,0,0,0,61.01477882,100.7514468,18.61347606,0.561733246,0.49181825,0.156546621
2000-05-03,0,0,0,81.9450624,99.24388368,18.80159167,0.499058977,0.494793615,0.156037133
2000-05-04,0,0,0,87.78950991,98.00221917,18.64813923,0.670904697,0.506825958,0.159540567
2000-05-05,0,0,0,95.25937518,98.52508707,18.39636006,0.334586594,0.493898228,0.16207582
2000-05-06,0,0,0,91.78196662,99.30562644,17.70027432,0.64222809,0.512525395,0.155099194
2000-05-07,0,0,0,114.8251926,99.56537106,17.89431689,0.406733737,0.500051369,0.152422537
2000-05-08,0,0,0,95.44114841,98.57853477,17.50021702,0.581017812,0.511847779,0.148404449
2000-05-09,0,0,0,70.62637867,98.72806526,17.23263546,0.576836388,0.510480139,0.147627989
2000-05-10,0,0,0,105.5100937,98.7586402,17.24463936,0.570121658,0.509989524,0.147400864
2000-05-11,0,0,0,113.0468225,98.95083233,17.38652016,0.776315964,0.522983538,0.158411089
2000-05-12,0,0,0,130.637672,100.0184024,18.62800346,0.84995822,0.541538881,0.172863221
2000-05-13,0,0,0,109.2492227,99.43137107,18.10145521,0.548329674,0.540392203,0.172728015
2000-05-14,0,0,0,106.2463811,100.744445,17.51075667,0.461496899,0.536500059,0.173579611
2000-05-15,0,0,0,99.95143979,101.2298718,17.33132848,0.27922701,0.538004949,0.171068743
2000-05-16,1,1,0,112.8330166,101.2376189,17.3367336,0.159785182,0.510261459,0.183084687
2000-05-17,0,0,0,96.60102217,100.3909392,17.09522481,0.474066405,0.519989674,0.174912616
2000-05-18,0,0,0,103.3783723,100.7692011,17.06794023,0.64839933,0.516957477,0.171942937
2000-05-19,0,0,0,103.5303959,100.5655972,17.005187,0.700260212,0.531259396,0.174197321
2000-05-20,0,0,0,66.60997278,98.15930287,18.08332742,0.405866755,0.529251676,0.175443079
2000-05-21,0,0,0,110.6493431,97.39750924,17.13534268,0.252004385,0.508255831,0.181166749
2000-05-22,0,0,0,100.8558336,97.98966671,17.02411453,0.561545854,0.52192748,0.173302218
2000-05-23,0,0,0,96.25180903,99.66762053,14.78709101,0.547444996,0.521247088,0.173166119
2000-05-24,0,0,0,81.25415118,99.63471999,14.82920306,0.546386423,0.523500776,0.173170885
2000-05-25,0,0,0,77.38652155,99.13933959,15.40718203,0.12838244,0.497666382,0.189754837
2000-05-26,0,0,0,84.45867427,98.6250205,15.7202703,0.472753717,0.504245769,0.186179286
2000-05-27,0,0,0,114.9665111,99.72904643,16.02678782,0.509512496,0.497925979,0.18349447
2000-05-28,0,0,0,102.0619519,99.12127306,15.66357274,0.361648312,0.495779054,0.184873361
2000-05-29,0,0,0,81.96694134,98.47964416,16.09197402,0.528526894,0.493279486,0.184016136
2000-05-30,0,0,0,103.4391456,100.0421569,14.79282672,0.330744007,0.481560802,0.186251297
2000-05-31,0,0,0,86.92423067,99.15711577,15.00381093,0.56511801,0.481322533,0.186135502
2000-06-01,0,0,0,87.85914583,97.95770259,14.84384821,0.609378121,0.473373112,0.176207059
2000-06-02,0,0,0,96.33892538,96.32442895,12.8168198,0.424073907,0.453092906,0.153778347
2000-06-03,0,0,0,96.66049178,95.72496557,12.47183538,0.596493012,0.455386398,0.155617911
2000-06-04,0,0,0,99.30290481,95.39432384,12.26935047,0.621799796,0.46301987,0.159807869
2000-06-05,0,0,0,91.88842417,95.01037072,12.24574911,0.31091377,0.464528763,0.15812649
2000-06-06,1,0,0,88.48017431,93.85071156,11.61017482,0.463672504,0.478999588,0.14191799
2000-06-07,0,0,0,117.8798733,94.86399018,12.7361654,0.516695252,0.481029533,0.142148586
2000-06-08,0,0,0,102.9996365,94.84595514,12.7237679,0.691944065,0.483103092,0.145001105
2000-06-09,0,0,0,85.52570246,93.98858879,12.71592775,0.594070151,0.478046422,0.138767056
2000-06-10,0,0,0,99.37215194,95.54869256,11.09544526,0.401030343,0.477816117,0.138896791
2000-06-11,0,0,0,87.03954434,94.42441643,10.67710198,0.586523543,0.493745601,0.130641498
2000-06-12,0,0,0,88.98785002,93.85927435,10.63366391,0.270867956,0.479903796,0.138274742
2000-06-13,0,0,0,89.73036806,93.54872954,10.65550236,0.462732424,0.475869864,0.137438969
2000-06-14,0,0,0,90.04352697,93.96727125,10.31563299,0.375111223,0.467713902,0.138125343
2000-06-15,0,0,0,130.7483574,96.50831105,12.39067829,0.546750198,0.487636176,0.114964835
2000-06-16,0,0,0,99.09315997,97.20519132,12.08690899,0.453766351,0.486732016,0.115162228
2000-06-17,0,0,0,103.7342267,96.67032063,11.4957022,0.398305616,0.48143645,0.116610066
2000-06-18,0,0,0,107.616164,96.93480693,11.68823376,0.510081891,0.488504716,0.113441691
2000-06-19,0,0,0,116.3389173,98.57156769,11.89226632,0.60891345,0.492332647,0.116182856
2000-06-20,0,0,0,97.69834028,98.29819601,11.84064991,0.636487733,0.506891872,0.114058653
2000-06-21,0,0,0,81.59592669,98.04446725,12.14962257,0.527425294,0.505096981,0.113391184
2000-06-22,0,0,0,101.8435017,98.71038895,11.94496961,0.454282321,0.497711467,0.111290908
2000-06-23,0,0,0,123.8169811,100.0188678,13.1194677,0.719225006,0.511766281,0.119835468
2000-06-24,0,0,0,129.179514,101.5673927,14.54495916,0.436958535,0.504169401,0.11925108
2000-06-25,0,0,0,102.7390442,101.7310184,14.53753652,0.571450777,0.501771829,0.117257315
2000-06-26,0,0,0,103.8633402,102.3012525,14.36600326,0.441329357,0.507982095,0.109864038
2000-06-27,1,0,0,101.1953103,102.9067351,14.01810098,0.634918941,0.516136687,0.112728727
2000-06-28,0,0,0,89.2055563,101.5412915,13.88257428,0.434897847,0.512241573,0.114113133
2000-06-29,0,0,0,113.4428616,102.0385879,14.1224017,0.284629379,0.492845635,0.116629803
2000-06-30,0,0,0,93.16746947,102.4024816,13.76968621,0.644858636,0.495264134,0.119329153
2000-07-01,0,0,0,89.49642356,101.9322088,14.04425917,0.442115324,0.497220562,0.11803672
2000-07-02,0,0,0,61.82897812,100.7317056,16.28041247,0.513704778,0.493753002,0.116339492
2000-07-03,0,0,0,109.4754037,101.7073034,16.15484928,0.647471662,0.511686512,0.109063148
2000-07-04,0,0,0,102.8307722,102.3311322,15.92046779,0.46493673,0.511791478,0.109014727
2000-07-05,0,0,0,88.54138583,102.2596017,15.98169314,0.745933613,0.529449687,0.115602163
2000-07-06,0,0,0,88.87042921,100.2654146,14.81964679,0.610778999,0.532498678,0.116918161
2000-07-07,0,0,0,129.870424,101.7309986,16.15923011,0.735120251,0.545896483,0.123386451
2000-07-08,0,0,0,103.9313029,101.7403832,16.16050884,0.34734446,0.543469761,0.126885874
2000-07-09,0,0,0,97.34157332,101.251117,16.12922602,0.427556972,0.539540003,0.129227942
2000-07-10,0,0,0,93.0902324,100.1440367,15.83707485,0.378960264,0.528589851,0.132750212
2000-07-11,0,0,0,90.45787546,99.79925268,15.97122833,0.973357546,0.544631271,0.163282708
2000-07-12,0,0,0,112.8229097,101.2862519,15.6419672,0.357820567,0.536554855,0.168293976
2000-07-13,0,0,0,100.9805403,101.2451585,15.64156358,0.324273606,0.530363964,0.173773839
2000-07-14,0,0,0,130.137037,101.5461135,16.1501109,0.422364757,0.516227762,0.169668176
2000-07-15,0,0,0,94.02130582,99.87191312,14.91756961,0.415902529,0.515225095,0.17022136
2000-07-16,0,0,0,101.2305205,99.80007866,14.90670096,0.38523478,0.506357666,0.171987082
2000-07-17,0,0,0,111.5525743,100.1662327,15.10461897,0.523656712,0.510278017,0.171367872
2000-07-18,1,1,0,133.6442011,101.7114179,16.78178493,0.279431103,0.493350024,0.175936948
2000-07-19,0,0,0,105.0271679,102.464828,16.54576014,0.771455196,0.509376565,0.185419547
2000-07-20,0,0,0,80.40954545,100.891813,17.01352394,0.223491103,0.506465218,0.189558616
2000-07-21,0,0,0,99.58827365,101.1975655,16.92523337,0.463442617,0.49782636,0.187053516
2000-07-22,0,0,0,109.2416518,102.1378145,16.79061592,0.424926285,0.497007835,0.187346869
2000-07-23,0,0,0,87.6509924,103.3674342,14.47724098,0.244623649,0.484194448,0.19518557
2000-07-24,0,0,0,102.3811906,103.0296146,14.41020289,0.448487329,0.474719003,0.191660927
2000-07-25,0,0,0,81.32473147,102.0055174,15.16924039,0.285631144,0.466180642,0.196061951
2000-07-26,0,0,0,123.6145702,103.675669,15.5389959,0.54997934,0.456849486,0.186512438
2000-07-27,0,0,0,107.5196578,104.5637275,15.17930728,0.717468302,0.461929929,0.192278916
2000-07-28,0,0,0,91.36433547,102.7301043,14.26782533,0.406644514,0.446288227,0.182031486
2000-07-29,0,0,0,107.8159736,102.9150886,14.30930009,0.462169581,0.45175609,0.180629972
2000-07-30,0,0,0,116.2994759,103.8178458,14.53630756,0.194781562,0.440671547,0.189131414
2000-07-31,0,0,0,90.37887848,103.6887338,14.64796715,0.613737614,0.451851421,0.192215067
2000-08-01,0,0,0,120.7504786,105.1312387,14.77093283,0.617306932,0.43489663,0.156253442
2000-08-02,0,0,0,117.7997217,105.3682297,14.93947511,0.857801816,0.458705261,0.180181432
2000-08-03,0,0,0,99.31468942,105.2889035,14.96833277,0.51756821,0.467909766,0.177893334
2000-08-04,0,0,0,89.7536736,103.3658862,14.19027032,0.372623473,0.465541133,0.178858614
2000-08-05,0,0,0,86.47484152,103.0065307,14.53022674,0.531312564,0.471036849,0.179030124
2000-08-06,0,0,0,101.8427662,103.0356853,14.52709893,0.65739967,0.483997082,0.182329028
2000-08-07,0,0,0,99.63787547,102.4683187,14.41003084,0.429870514,0.479531072,0.18245759
2000-08-08,0,0,0,122.8926907,101.956342,13.40278811,0.249607528,0.478110902,0.184200696
2000-08-09,1,0,0,116.6234408,102.5085455,13.76950416,0.26602642,0.454042865,0.176827911
2000-08-10,0,0,0,115.937622,104.2003586,13.08405962,0.531845972,0.46872643,0.169371435
2000-08-11,0,0,0,92.43537953,103.8597446,13.30142727,0.712400536,0.480581569,0.177500898
2000-08-12,0,0,0,94.94089529,103.1787562,13.37797004,0.552835693,0.486672493,0.177690101
2000-08-13,0,0,0,101.2043914,103.8241562,12.91015289,0.340231518,0.491225249,0.172322006
2000-08-14,0,0,0,116.8705282,104.5141246,13.21281469,0.453455178,0.491461813,0.172263802
2000-08-15,0,0,0,111.3927332,105.9459342,12.16158931,0.666562891,0.50960142,0.169540632
2000-08-16,0,0,0,131.8528237,106.338232,12.87213942,0.320270435,0.498662901,0.174152762
2000-08-17,0,0,0,99.58240853,105.9602678,12.95199763,0.289977856,0.478306213,0.17227232
2000-08-18,0,0,0,85.87431647,105.6988383,13.31175007,0.192217728,0.468095414,0.182767174
2000-08-19,0,0,0,82.85204317,104.5100797,14.19836522,0.509465701,0.47034761,0.182981784
2000-08-20,0,0,0,86.71887399,103.1014796,14.4356181,0.532244105,0.486417255,0.172063693
2000-08-21,0,0,0,80.8110603,102.6458692,14.99730045,0.642162691,0.48777083,0.173223264
2000-08-22,0,0,0,93.42602578,101.3447048,14.52593446,0.298133312,0.472572086,0.175279453
2000-08-23,0,0,0,107.6529868,100.861527,14.11414114,0.350480852,0.448413945,0.153085944
2000-08-24,0,0,0,102.8852172,101.0315521,14.1160815,0.563013625,0.450578012,0.154427742
2000-08-25,0,0,0,130.2864913,102.9616863,15.22449062,0.402734826,0.452011886,0.15380628
2000-08-26,0,0,0,73.71224071,102.3539434,16.14258332,0.204092254,0.436429967,0.161741192
2000-08-27,0,0,0,134.1114002,103.890545,17.56466716,0.467757703,0.427399397,0.153890465
2000-08-28,0,0,0,100.7606523,103.9440106,17.55277991,0.194954835,0.416212936,0.162024998
2000-08-29,0,0,0,100.4378773,102.8747337,17.01650924,0.764660126,0.44073925,0.17407868
2000-08-30,1,0,0,97.97790781,101.9868512,16.7475799,0.510235604,0.452368259,0.169931309
2000-08-31,0,0,0,101.5794442,101.3031284,16.43981996,0.564045366,0.453901564,0.170827207
2000-09-01,0,0,0,120.4787795,102.6385284,16.81810494,0.469435507,0.4423318,0.160350746
2000-09-02,0,0,0,85.13960444,102.1718003,17.17462856,0.587925821,0.444002759,0.161736685
2000-09-03,0,0,0,97.55463439,101.9980024,17.20335046,0.356697347,0.444786846,0.161247629
2000-09-04,0,0,0,73.05992526,99.91178317,17.94982883,0.559548612,0.449838914,0.163183193
2000-09-05,0,0,0,99.435628,99.34239721,17.75603194,0.289833775,0.431899433,0.158815794
2000-09-06,0,0,0,99.0959509,97.78254612,16.12074823,0.426739307,0.436969379,0.156760156
2000-09-07,0,0,0,106.4085757,98.1076017,16.22732335,0.383898043,0.441441769,0.153666025
2000-09-08,0,0,0,115.7486916,99.53019099,16.40971707,0.614149169,0.461533742,0.146884773
2000-09-09,0,0,0,91.07914606,99.9219578,16.08666019,0.706117587,0.470898118,0.1560745
2000-09-10,0,0,0,108.6509468,100.9663422,15.89745425,0.250729778,0.457492673,0.162499529
2000-09-11,0,0,0,110.886048,102.3984845,15.33570107,0.656874757,0.458193248,0.163364903
2000-09-12,0,0,0,113.9938501,103.3779047,15.39070741,0.698073127,0.477238001,0.167043145
2000-09-13,0,0,0,108.3634583,103.4117367,15.40135201,0.717289733,0.494705091,0.172223492
2000-09-14,0,0,0,88.16366668,102.7107105,15.75744125,0.495375607,0.491484233,0.171513143
2000-09-15,0,0,0,99.6471966,101.2516964,14.43987078,0.476357355,0.494990067,0.170356893
2000-09-16,0,0,0,107.2551069,102.8489758,13.02735459,0.438461665,0.506150516,0.157541689
2000-09-17,0,0,0,104.6279516,101.445002,10.90566582,0.70318496,0.517361337,0.162956575
2000-09-18,0,0,0,122.7607332,102.4926249,11.85224706,0.741683418,0.543396032,0.152190249
2000-09-19,0,0,0,100.7905879,102.5094207,11.84943929,0.316293658,0.522045247,0.151043396
2000-09-20,0,0,0,111.6790129,103.1618542,11.96409625,0.525307907,0.522762976,0.151020282
2000-09-21,0,0,0,93.94038549,102.7980895,12.12960145,0.705239208,0.529486492,0.156010662
2000-09-22,0,0,0,82.6839843,100.9983374,12.17886241,0.405448464,0.52643949,0.157856086
2000-09-23,0,0,0,87.17267669,101.0951503,12.05393389,0.664407975,0.530081498,0.16021034
2000-09-24,0,0,0,119.7400501,102.1515987,12.6838593,0.627067435,0.542956264,0.15639858
2000-09-25,0,0,0,99.27450653,103.3999121,10.8324372,0.314758507,0.531299592,0.16403594
2000-09-26,0,0,0,119.8590806,104.3724575,11.36256982,0.76883332,0.554109094,0.162071987
2000-09-27,0,0,0,96.65978132,104.2564494,11.43136277,0.532293282,0.559135474,0.159541357
2000-09-28,0,0,0,105.9726653,104.2356918,11.42765461,0.171717004,0.549031615,0.176961855
2000-09-29,0,0,0,97.4797354,103.3657415,11.20050556,0.616288371,0.549133482,0.177001824
2000-09-30,0,0,0,110.8750916,104.3084055,10.94485148,0.569903348,0.542647089,0.173420984
2000-10-01,0,0,0,101.4246968,103.9642984,10.91505151,0.42963429,0.551166352,0.162408251
2000-10-02,0,0,0,95.72196299,103.2421991,10.93581842,0.338540053,0.536007557,0.166844074
2000-10-03,0,0,0,115.293234,103.3040745,11.00316211,0.260818945,0.515185929,0.172785717
2000-10-04,0,0,0,122.7247626,103.9879462,11.75401209,0.543299256,0.506900668,0.166673474
2000-10-05,0,0,0,95.38049338,104.3316046,11.36735744,0.398398483,0.50228271,0.168343844
2000-10-06,0,0,0,84.74648819,103.622047,12.11485968,0.629140441,0.509558095,0.170455596
2000-10-07,0,0,0,82.60778704,102.4483651,12.91291676,0.639611986,0.519136681,0.171906192
2000-10-08,0,0,0,128.5978121,103.5897871,14.11834204,0.565818318,0.512595413,0.167099017
2000-10-09,0,0,0,114.3097511,103.1873593,13.65749462,0.304230231,0.491764309,0.164356888
2000-10-10,0,0,0,109.499284,103.6020592,13.71318265,0.385376672,0.495053976,0.161332708
2000-10-11,0,0,0,88.06880919,102.4777637,13.98307441,0.43942756,0.490964436,0.161615692
2000-10-12,0,0,0,90.20889795,102.3000739,14.12002583,0.743642956,0.492793186,0.164355585
2000-10-13,0,0,0,143.3590385,105.1893621,15.98943787,0.468701266,0.495805224,0.163250722
2000-10-14,0,0,0,113.8094326,106.4577791,15.53891987,0.576359555,0.491612442,0.15979814
2000-10-15,0,0,0,81.09767641,104.6176661,16.16287469,0.442455016,0.482821374,0.157027763
2000-10-16,0,0,0,91.89555333,104.2662873,16.36380206,0.403756335,0.487059366,0.153424794
2000-10-17,0,0,0,106.3201534,103.6215765,15.98098062,0.480603774,0.47333415,0.139189161
2000-10-18,0,0,0,101.0373102,103.8300303,15.91404122,0.330960156,0.463746858,0.141833773
2000-10-19,0,0,0,103.9257669,103.7325589,15.90652842,0.309162959,0.470291903,0.13039393
2000-10-20,0,0,0,108.4742763,104.2561085,15.87133079,0.50981123,0.465221563,0.126443362
2000-10-21,0,0,0,99.56929627,103.7177373,15.82727295,0.390595527,0.456683096,0.125067628
2000-10-22,0,0,0,104.3102197,103.8551431,15.81889359,0.456893257,0.457981142,0.124914221
2000-10-23,0,0,0,101.4415553,104.1275047,15.72079337,0.425092721,0.462102697,0.122174055
2000-10-24,0,0,0,93.89015701,103.1083105,15.65436483,0.691373729,0.482605306,0.122831705
2000-10-25,0,0,0,104.4589208,102.2385085,15.00385627,0.510470101,0.481042013,0.12222805
2000-10-26,0,0,0,89.99329141,101.9819751,15.17208791,0.619103964,0.491551798,0.124238784
2000-10-27,0,0,0,92.05079497,102.3297993,14.83723483,0.457233108,0.483365734,0.120321528
2000-10-28,0,0,0,98.5849333,103.0906157,14.17000586,0.570618922,0.48008035,0.116730236
2000-10-29,0,0,0,104.7062224,101.952921,12.92399533,0.620159971,0.482668048,0.119299967
2000-10-30,0,0,0,81.76665095,100.4032496,13.31344479,0.364394092,0.485532994,0.115461238
2000-10-31,0,0,0,74.96865459,98.75893388,14.23439104,0.553980723,0.493561758,0.114001331
2000-11-01,0,0,0,92.41296516,98.96579845,14.1022191,0.461105037,0.494594019,0.113584026
2000-11-02,0,0,0,100.6134313,99.46125242,13.96124652,0.756527536,0.49520757,0.115022283
2000-11-03,0,0,0,65.8348364,95.76962375,11.86561789,0.428144126,0.493276278,0.115827264
2000-11-04,0,0,0,82.47142294,94.27733757,11.44661505,0.54190971,0.491635809,0.114831391
2000-11-05,0,0,0,91.06325623,94.75188899,11.07338609,0.320663189,0.485836198,0.12038096
2000-11-06,0,0,0,99.39335492,95.10892716,11.09753383,0.464328128,0.488720569,0.11903409
2000-11-07,0,0,0,77.88732162,93.75498279,11.39188477,0.436796928,0.486634529,0.11956611
2000-11-08,0,0,0,116.047129,94.46973607,12.30585215,0.551773977,0.497149473,0.114805898
2000-11-09,0,0,0,83.10299889,93.47817568,12.34467316,0.631180984,0.512483665,0.109839773
2000-11-10,0,0,0,114.7941149,93.77912038,12.797272,0.604153557,0.516976156,0.111639578
2000-11-11,0,0,0,113.7246685,94.45318572,13.47249146,0.383429859,0.516634934,0.112055347
2000-11-12,0,0,0,71.19394969,92.87622048,14.18056462,0.801638448,0.533051372,0.127107526
2000-11-13,0,0,0,99.05940611,92.76278481,14.1180113,0.468701037,0.535127958,0.125602906
2000-11-14,0,0,0,109.6592476,93.51369389,14.59236649,0.449573449,0.523613659,0.121582168
2000-11-15,0,0,0,88.51228039,92.75433006,14.40807072,0.640909337,0.529825052,0.124181276
2000-11-16,0,0,0,88.69856504,92.69267642,14.42323838,0.411594295,0.519943639,0.124975415
2000-11-17,0,0,0,112.7717883,93.67939039,15.07134556,0.354133367,0.515034127,0.129505087
2000-11-18,0,0,0,92.71964261,93.40009083,15.03018252,0.701054509,0.521245346,0.135302458
2000-11-19,0,0,0,120.7746362,94.1652534,16.01151133,0.497593289,0.515408837,0.133453186
2000-11-20,0,0,0,80.70306531,94.11460646,16.05431593,0.202209626,0.507685767,0.146668126
2000-11-21,0,0,0,98.04759817,95.21360377,15.45697004,0.394037748,0.500069435,0.14828777
2000-11-22,0,0,0,120.463093,96.54932415,16.38686129,0.271875494,0.491058504,0.156306489
2000-11-23,0,0,0,97.03177256,96.37876897,16.36106564,0.451757343,0.476545638,0.144097546
2000-11-24,0,0,0,84.09226353,97.24817026,15.09278428,0.664086341,0.487780982,0.149241411
2000-11-25,0,0,0,60.49350719,96.20160284,16.83061848,0.490819985,0.485348138,0.148730461
2000-11-26,0,0,0,113.6134433,97.27542127,17.20167019,0.40659515,0.489440136,0.145111038
2000-11-27,0,0,0,89.95874845,96.8261543,17.266671,0.678898464,0.499657771,0.15070098
2000-11-28,0,0,0,113.8113379,98.53682174,17.0750133,0.491825621,0.502278185,0.150030225
2000-11-29,0,0,0,112.9995165,98.39169734,16.93109267,0.435341532,0.496733783,0.150260857
2000-11-30,0,0,0,93.88735359,98.90523804,16.60458459,0.435157801,0.487399345,0.147555462
2000-12-01,0,0,0,98.78494117,98.14289644,16.20123173,0.424177075,0.478829037,0.145649467
2000-12-02,0,0,0,83.35312658,96.69663254,16.09599111,0.443170598,0.481673834,0.144269871
2000-12-03,0,0,0,112.5962154,98.668169,15.33362714,0.286625379,0.457149402,0.130252074
2000-12-04,0,0,0,117.2546262,99.53460805,15.86181059,0.469197127,0.457173025,0.130254319
2000-12-05,0,0,0,119.0578609,99.98216106,16.28862087,0.445435894,0.456975999,0.130269517
2000-12-06,0,0,0,96.766859,100.3752362,16.09645727,0.715020246,0.46050509,0.136362891
2000-12-07,0,0,0,92.29148493,100.5463277,15.98484658,0.345248588,0.45734577,0.138307438
2000-12-08,0,0,0,130.7877204,101.4042292,17.11714119,0.31938037,0.455690866,0.139803985
2000-12-09,0,0,0,92.46916079,101.3923015,17.1235815,0.408135099,0.441742322,0.128233288
2000-12-10,0,0,0,107.1401028,100.743038,16.60248593,0.436181163,0.438817936,0.127594578
2000-12-11,0,0,0,93.34638201,101.3451007,16.0598081,0.488199075,0.452436481,0.115794596
2000-12-12,0,0,0,91.5680774,101.0365521,16.18806063,0.254957944,0.445813633,0.12305162
2000-12-13,0,0,0,98.31979192,99.98210917,15.56873082,0.396006918,0.451724653,0.117116718
2000-12-14,0,0,0,100.301844,100.1378269,15.55409291,0.44699258,0.45149776,0.117121267
2000-12-15,0,0,0,98.63637836,100.8304038,15.12170204,0.340239223,0.436076468,0.108751607
2000-12-16,0,0,0,99.24678534,102.6757979,11.99425905,0.427034878,0.433039082,0.108034578
2000-12-17,0,0,0,91.05813556,101.6017357,11.97571958,0.484802989,0.436763265,0.108424711
2000-12-18,0,0,0,95.13325838,101.8481409,11.77574671,0.564403596,0.431311129,0.098019569
2000-12-19,0,0,0,120.7387753,102.1780189,12.2164172,0.269705588,0.420733984,0.103019821
2000-12-20,0,0,0,87.39011945,100.9585238,12.35953804,0.578327565,0.427542843,0.108607194
2000-12-21,0,0,0,85.82741975,100.5747174,12.7102695,0.297459273,0.42098577,0.112221055
2000-12-22,0,0,0,122.5039296,101.704193,13.56819083,0.591252849,0.428941759,0.118220714
2000-12-23,0,0,0,119.8228913,103.4408485,13.43522649,0.718408461,0.442048324,0.134071591
2000-12-24,0,0,0,107.2857603,103.1879697,13.30361965,0.600921809,0.457014821,0.133394979
2000-12-25,0,0,0,126.5075225,103.6285838,13.93122334,0.560750415,0.461374501,0.135295589
2000-12-26,0,0,0,88.30553368,102.1641873,13.84427562,0.515871783,0.464728591,0.13575301
2000-12-27,0,0,0,104.2441886,102.5202506,13.79458626,0.731625895,0.465519336,0.137323108
2000-12-28,0,0,0,104.0506862,103.0802125,13.59584878,0.473348599,0.471619337,0.134530211
2000-12-29,0,0,0,113.4873023,102.2563831,12.29489938,0.728666745,0.491109164,0.140870029
2000-12-30,0,0,0,95.42406203,102.3970927,12.19378146,0.386117048,0.490060686,0.141598528
2000-12-31,0,0,0,96.90175106,101.9095521,12.1993384,0.717770224,0.503469688,0.149361251
